{"country":{"0":"Canada","1":"Korea","2":"Netherlands","3":"India","4":"United Kingdom","5":"Taiwan","6":"China","7":"Italy","8":"Thailand","9":"France"},"PADD1":{"0":3560,"1":0,"2":0,"3":0,"4":0,"5":0,"6":0,"7":0,"8":0,"9":0},"PADD2":{"0":62972,"1":0,"2":0,"3":0,"4":0,"5":0,"6":0,"7":0,"8":0,"9":0},"PADD3":{"0":108202,"1":148591,"2":101673,"3":92969,"4":89042,"5":61264,"6":47948,"7":46823,"8":39930,"9":32166},"PADD4":{"0":0,"1":0,"2":0,"3":0,"4":0,"5":0,"6":0,"7":0,"8":0,"9":0},"PADD5":{"0":2,"1":4327,"2":84,"3":0,"4":0,"5":284,"6":2049,"7":0,"8":0,"9":0},"total":{"0":174734,"1":148591,"2":101673,"3":92969,"4":89042,"5":61264,"6":47948,"7":46823,"8":39930,"9":32166},"%":{"0":16.1551554689,"1":13.7380859265,"2":9.4002490757,"3":8.5955146038,"4":8.2324410433,"5":5.6642064203,"6":4.4330662288,"7":4.3290535587,"8":3.6917563718,"9":2.9739302644}}