{"0":{"CNTRY_NAME":"CANADA","PADD1":61436.0,"PADD2":1032942.0,"PADD3":71348.0,"PADD4":142290.0,"PADD5":80608.0,"total":1308016.0,"%":65.2207255767},"1":{"CNTRY_NAME":"MEXICO","PADD1":698.0,"PADD2":0.0,"PADD3":204825.0,"PADD4":0.0,"PADD5":12736.0,"total":205523.0,"%":10.2478556705},"2":{"CNTRY_NAME":"SAUDI ARABIA","PADD1":34150.0,"PADD2":0.0,"PADD3":55924.0,"PADD4":0.0,"PADD5":88369.0,"total":90074.0,"%":4.491299522},"3":{"CNTRY_NAME":"COLOMBIA","PADD1":6285.0,"PADD2":0.0,"PADD3":75963.0,"PADD4":0.0,"PADD5":32814.0,"total":82248.0,"%":4.1010769266},"4":{"CNTRY_NAME":"IRAQ","PADD1":0.0,"PADD2":0.0,"PADD3":62254.0,"PADD4":0.0,"PADD5":58730.0,"total":62254.0,"%":3.1041294985},"5":{"CNTRY_NAME":"NIGERIA","PADD1":39164.0,"PADD2":0.0,"PADD3":6792.0,"PADD4":0.0,"PADD5":22099.0,"total":45956.0,"%":2.2914732424},"6":{"CNTRY_NAME":"RUSSIA","PADD1":19465.0,"PADD2":0.0,"PADD3":11747.0,"PADD4":0.0,"PADD5":17762.0,"total":31212.0,"%":1.5563030473},"7":{"CNTRY_NAME":"VENEZUELA","PADD1":0.0,"PADD2":0.0,"PADD3":28904.0,"PADD4":0.0,"PADD5":497.0,"total":28904.0,"%":1.4412207894},"8":{"CNTRY_NAME":"BRAZIL","PADD1":546.0,"PADD2":0.0,"PADD3":24820.0,"PADD4":0.0,"PADD5":18903.0,"total":25366.0,"%":1.2648078655},"9":{"CNTRY_NAME":"UNITED KINGDOM","PADD1":11073.0,"PADD2":0.0,"PADD3":12250.0,"PADD4":0.0,"PADD5":0.0,"total":23323.0,"%":1.1629391251}}